year,rain_max,temp_avg,temp_max,temp_min,hum_max,hum_min,wind_max,wind_avg,subdivision
2006,6.670967741935484,21.803087495136932,27.190322580645162,18.654838709677417,97.12903225806451,57.806451612903224,9.706451612903225,2.0752068542724222,Minas Gerais
2007,1.8662500000000002,23.04099946713907,27.649375,18.753125,87.8375,48.49375,8.749375,2.0696048704445977,Minas Gerais
2008,3.777049180327869,20.682399817850637,27,16.21639344262295,96.13661202185793,51.41530054644809,8.865027322404371,1.5844084105488239,Minas Gerais
2009,3.3802197802197806,21.02380156075808,27.76923076923077,16.41043956043956,96.05494505494505,49.32967032967033,9.114285714285714,1.6117455008759356,Minas Gerais
2010,2.1835164835164833,21.444293206793205,28.58076923076923,16.156043956043955,95.24725274725274,44.64835164835165,9.109340659,1.4559065934065936,Minas Gerais
2011,2.601785714285714,20.95953599971457,27.735714285714284,16.318131868131868,96.06043956043956,49.252747252747255,8.974175824175823,1.5577086603872319,Minas Gerais
2012,2.2557377049180327,21.030623861566482,28.40601092896175,16.00327868852459,96.06010928961749,46.36612021857923,9,1.4835154826958106,Minas Gerais
2013,3.079120879120879,21.088660387231815,27.97692307692308,16.38681318681319,96.8021978,49.39010989010989,8.749450549,1.4593563579277866,Minas Gerais
2014,1.6175824175824174,21.16346153846154,28.406043956043955,15.684065934065934,96.21428571428571,44.824175824175825,8.429120879120878,1.2388736263736264,Minas Gerais
